2025.07.31,"39,828"
2025.07.30,"40,090"
2025.07.29,"39,582"
2025.07.28,"38,678"
2025.07.25,"38,780"
2025.07.24,"39,623"
2025.07.23,"39,285"
2025.07.22,"39,513"
2025.07.21,"39,410"
2025.07.18,"39,454"
2025.07.17,"39,490"
2025.07.16,"40,000"
2025.07.15,"38,836"
2025.07.14,"38,846"
2025.07.11,"38,705"
2025.07.10,"38,844"
2025.07.09,"39,263"
2025.07.08,"39,473"
2025.07.07,"40,080"
2025.07.04,"40,153"
2025.07.03,"39,525"
2025.07.02,"40,120"
2025.07.01,"40,335"
2025.06.30,"40,708"
2025.06.27,"40,760"
2025.06.26,"41,505"
2025.06.25,"41,728"
2025.06.24,"41,828"
2025.06.23,"41,828"
2025.06.20,"41,759"
2025.06.19,"41,608"
2025.06.18,"40,806"
2025.06.17,"39,548"
2025.06.16,"39,800"
2025.06.13,"38,806"
2025.06.12,"38,931"
2025.06.11,"38,931"
2025.06.10,"38,881"
2025.06.09,"39,836"
2025.06.05,"40,749"
2025.06.04,"40,791"
2025.06.02,"41,520"
2025.05.30,"41,283"
2025.05.29,"41,400"
2025.05.28,"41,981"
2025.05.27,"42,056"
2025.05.26,"42,056"
2025.05.23,"42,989"
2025.05.22,"43,634"
2025.05.21,"45,625"
2025.05.20,"45,317"
2025.05.19,"46,042"
2025.05.16,"45,445"
2025.05.15,"45,629"
2025.05.14,"45,900"
2025.05.13,"46,037"
2025.05.12,"46,139"
2025.05.09,"46,347"
2025.05.08,"47,453"
2025.05.07,"46,840"
2025.05.02,"46,474"
2025.04.30,"46,843"
2025.04.29,"46,293"
2025.04.28,"46,234"
2025.04.25,"46,817"
2025.04.24,"46,827"
2025.04.23,"46,585"
2025.04.22,"46,585"
2025.04.21,"46,593"
2025.04.18,"46,737"
2025.04.17,"46,737"
2025.04.16,"47,498"
2025.04.15,"47,391"
2025.04.14,"47,453"
2025.04.11,"47,154"
2025.04.10,"46,691"
2025.04.09,"46,549"
2025.04.08,"46,280"
2025.04.07,"46,002"
2025.04.04,"46,189"
2025.04.03,"46,189"
2025.04.02,"46,420"
2025.04.01,"46,420"
2025.03.31,"46,713"
2025.03.28,"47,102"
2025.03.27,"46,581"
2025.03.26,"46,078"
2025.03.25,"45,839"
2025.03.24,"46,132"
2025.03.21,"45,665"
2025.03.20,"46,236"
2025.03.19,"46,198"
2025.03.18,"46,162"
2025.03.17,"46,153"
2025.03.14,"46,100"
2025.03.13,"46,238"
2025.03.12,"45,718"
2025.03.11,"46,332"
2025.03.10,"45,191"
2025.03.07,"45,453"
2025.03.06,"45,480"
2025.03.05,"46,624"
2025.03.04,"46,478"
2025.02.28,"46,236"
2025.02.27,"48,111"
2025.02.26,"46,844"
2025.02.25,"47,041"
2025.02.24,"47,124"
2025.02.21,"47,259"
2025.02.20,"47,974"
2025.02.19,"48,114"
2025.02.18,"48,011"
2025.02.17,"47,640"
2025.02.14,"48,119"
2025.02.13,"49,617"
2025.02.12,"49,539"
2025.02.11,"49,214"
2025.02.10,"49,722"
2025.02.07,"49,651"
2025.02.06,"48,850"
2025.02.05,"50,132"
2025.02.04,"49,826"
2025.02.03,"48,771"
2025.01.31,"49,978"
2025.01.24,"46,956"
2025.01.23,"48,237"
2025.01.22,"46,233"
2025.01.21,"45,000"
2025.01.20,"44,636"
2025.01.17,"44,014"
2025.01.16,"44,133"
2025.01.15,"43,456"
2025.01.14,"42,505"
2025.01.13,"42,780"
2025.01.10,"42,448"
2025.01.09,"42,907"
2025.01.08,"42,793"
2025.01.07,"42,631"
2025.01.06,"42,290"
2025.01.03,"41,955"
2025.01.02,"41,412"
2024.12.31,"41,075"
2024.12.30,"41,007"
2024.12.27,"40,470"
2024.12.26,"40,025"
2024.12.24,"39,645"
2024.12.23,"39,691"
2024.12.20,"39,693"
2024.12.19,"39,243"
2024.12.18,"38,663"
2024.12.17,"38,522"
2024.12.16,"38,387"
2024.12.13,"38,331"
2024.12.12,"38,161"
2024.12.11,"38,008"
2024.12.10,"38,043"
2024.12.09,"37,892"
2024.12.05,"37,867"
2024.12.04,"37,208"
2024.12.03,"37,186"
2024.12.02,"37,038"
2024.11.29,"36,715"
2024.11.28,"36,633"
2024.11.27,"35,877"
2024.11.26,"35,610"
2024.11.25,"35,413"
2024.11.22,"35,454"
2024.11.21,"35,752"
2024.11.20,"35,289"
2024.11.19,"35,504"
2024.11.18,"34,850"
2024.11.15,"34,854"
2024.11.14,"34,537"
2024.11.13,"31,414"
2024.11.12,"31,500"
2024.11.11,"33,239"
2024.11.08,"33,135"
2024.11.07,"30,677"
2024.11.06,"30,369"
2024.11.05,"30,565"
2024.11.04,"30,320"
2024.11.01,"29,856"
2024.10.31,"29,500"
2024.10.30,"28,356"
2024.10.29,"28,261"
2024.10.28,"28,469"
2024.10.25,"28,292"
2024.10.24,"28,292"
2024.10.23,"27,662"
2024.10.22,"27,482"
2024.10.21,"27,554"
2024.10.18,"27,222"
2024.10.17,"27,253"
2024.10.16,"28,355"
2024.10.15,"29,002"
2024.10.14,"29,144"
2024.10.11,"29,527"
2024.10.10,"30,647"
2024.10.08,"28,319"
2024.10.07,"28,525"
2024.10.04,"29,696"
2024.10.02,"32,253"
2024.09.30,"36,219"
2024.09.27,"36,475"
2024.09.26,"34,778"
2024.09.25,"35,804"
2024.09.24,"35,055"
2024.09.23,"34,787"
2024.09.20,"34,447"
2024.09.19,"32,805"
2024.09.13,"31,256"
2024.09.12,"32,385"
2024.09.11,"27,756"
2024.09.10,"27,526"
2024.09.09,"28,310"
2024.09.06,"28,702"
2024.09.05,"30,761"
2024.09.04,"32,635"
2024.09.03,"32,042"
2024.09.02,"30,858"
2024.08.30,"28,261"
2024.08.14,"69,992"
2024.08.13,"70,962"
2024.08.12,"72,006"
2024.08.09,"71,679"
2024.08.08,"73,144"
2024.08.07,"75,691"
2024.08.06,"73,556"
2024.08.05,"79,225"
2024.08.02,"79,286"
2024.08.01,"79,955"
2024.07.31,"83,398"
2024.07.30,"83,390"
2024.07.29,"83,390"
2024.07.26,"84,295"
2024.07.25,"84,418"
2024.07.24,"85,813"
2024.07.23,"85,146"
2024.07.22,"85,186"
2024.07.19,"84,615"
2024.07.18,"85,456"
2024.07.17,"76,245"
2024.07.16,"75,661"
2024.07.15,"75,636"
2024.07.12,"76,015"
2024.07.11,"76,015"
2024.07.10,"76,015"
2024.07.09,"76,015"
2024.07.08,"76,015"
2024.07.05,"75,915"
2024.07.04,"75,915"
2024.07.03,"75,453"
2024.07.02,"75,241"
2024.07.01,"74,615"
2024.06.28,"71,663"
2024.06.27,"71,500"
2024.06.26,"71,588"
2024.06.25,"67,600"
2024.06.24,"65,009"
2024.06.21,"64,004"
2024.06.20,"62,373"
2024.06.19,"65,390"
2024.06.18,"64,295"
2024.06.17,"62,750"
2024.06.14,"62,980"
2024.06.13,"63,193"
2024.06.12,"60,021"
2024.06.11,"60,021"
2024.06.10,"59,931"
2024.06.07,"60,670"
2024.06.05,"56,980"
2024.06.04,"56,425"
2024.06.03,"56,330"
2024.05.31,"56,268"
2024.05.30,"55,313"
2024.05.29,"53,870"
2024.05.28,"53,663"
2024.05.27,"53,995"
2024.05.24,"53,420"
2024.05.23,"52,744"
2024.05.22,"54,497"
2024.05.21,"54,156"
2024.05.20,"54,141"
2024.05.17,"53,231"
2024.05.16,"52,863"
2024.05.14,"51,158"
2024.05.13,"50,964"
2024.05.10,"51,557"
2024.05.09,"51,553"
2024.05.08,"51,235"
2024.05.07,"51,577"
2024.05.03,"49,516"
2024.05.02,"49,510"
2024.04.30,"47,789"
2024.04.29,"47,789"
2024.04.26,"47,593"
2024.04.25,"46,968"
2024.04.24,"44,003"
2024.04.23,"42,007"
2024.04.22,"44,763"
2024.04.19,"44,763"
2024.04.18,"44,719"
2024.04.17,"45,135"
2024.04.16,"45,135"
2024.04.15,"47,110"
2024.04.12,"44,682"
2024.04.11,"43,908"
2024.04.09,"43,903"
2024.04.08,"43,814"
2024.04.05,"43,312"
2024.04.04,"43,456"
2024.04.03,"43,510"
2024.04.02,"43,241"
2024.04.01,"43,292"
2024.03.29,"41,170"
2024.03.28,"43,144"
2024.03.27,"39,391"
2024.03.26,"39,493"
2024.03.25,"40,216"
2024.03.22,"39,312"
2024.03.21,"35,941"
2024.03.20,"41,594"
2024.03.19,"41,486"
2024.03.18,"41,551"
2024.03.15,"45,381"
2024.03.14,"43,893"
2024.03.13,"43,090"
2024.03.12,"42,808"
2024.03.11,"42,796"
2024.03.08,"42,793"
2024.03.07,"42,569"
2024.03.06,"43,610"
2024.03.05,"43,179"
2024.03.04,"42,912"
2024.02.29,"43,334"
2024.02.28,"42,127"
2024.02.27,"41,553"
2024.02.26,"40,795"
2024.02.23,"40,524"
2024.02.22,"40,701"
2024.02.21,"39,801"
2024.02.20,"40,097"
2024.02.19,"39,617"
2024.02.16,"38,462"
2024.02.15,"38,645"
2024.02.14,"36,535"
2024.02.13,"36,506"
2024.02.08,"31,739"
2024.02.07,"31,639"
2024.02.06,"31,631"
2024.02.05,"31,787"
2024.02.02,"31,909"
2024.02.01,"30,813"
2024.01.31,"32,637"
2024.01.30,"34,855"
2024.01.29,"35,016"
2024.01.26,"34,872"
2024.01.25,"35,408"
2024.01.24,"32,232"
2024.01.23,"31,951"
2024.01.22,"32,200"
2024.01.19,"32,188"
2024.01.18,"33,383"
2024.01.17,"31,382"
2024.01.16,"31,350"
2024.01.15,"31,442"
2024.01.12,"31,349"
2024.01.11,"32,491"
2024.01.10,"33,578"
2024.01.09,"33,381"
2024.01.08,"33,191"
2024.01.05,"34,047"
2024.01.04,"34,303"
2024.01.03,"33,355"
2024.01.02,"33,911"
2023.12.29,"33,970"
2023.12.28,"34,015"
2023.12.27,"33,889"
2023.12.26,"33,626"
2023.12.22,"33,713"
2023.12.21,"33,446"
2023.12.20,"33,638"
2023.12.19,"33,605"
2023.12.18,"33,794"
2023.12.15,"34,161"
2023.12.14,"34,205"
2023.12.13,"34,277"
2023.12.12,"34,237"
2023.12.11,"34,197"
2023.12.08,"34,197"
2023.12.07,"34,039"
2023.12.06,"32,340"
2023.12.05,"31,782"
2023.12.04,"30,713"
2023.11.30,"28,654"
2023.11.29,"26,855"
2023.11.28,"26,858"
2023.11.27,"26,902"
2023.11.24,"26,854"
2023.11.23,"26,100"
2023.11.22,"26,820"
2023.11.21,"26,861"
2023.11.20,"26,962"
2023.11.17,"26,749"
2023.11.16,"26,625"
2023.11.15,"26,568"
2023.11.14,"26,588"
2023.11.13,"26,591"
2023.11.10,"26,607"
2023.11.09,"26,687"
2023.11.08,"27,926"
2023.11.07,"28,135"
2023.11.06,"28,161"
2023.11.03,"29,152"
2023.11.02,"29,916"
2023.11.01,"29,955"
2023.10.31,"29,970"
2023.10.30,"29,881"
2023.10.27,"29,893"
2023.10.26,"30,036"
2023.10.25,"29,350"
2023.10.24,"29,350"
2023.10.23,"29,275"
2023.10.20,"29,291"
2023.10.19,"29,373"
2023.10.18,"30,307"
2023.10.17,"30,241"
2023.10.16,"30,221"
2023.10.13,"31,226"
2023.10.12,"32,225"
2023.10.11,"32,336"
2023.10.10,"33,051"
2023.10.06,"33,464"
2023.10.05,"34,310"
2023.10.04,"34,720"
2023.09.27,"34,396"
2023.09.26,"34,704"
2023.09.25,"34,751"
2023.09.23,"34,854"
2023.09.22,"35,232"
2023.09.21,"33,991"
2023.09.20,"30,358"
2023.09.19,"30,449"
2023.09.18,"30,629"
2023.09.15,"32,190"
2023.09.14,"32,168"
2023.09.13,"31,710"
2023.09.12,"27,644"
2023.09.11,"27,443"
2023.09.08,"26,893"
2023.09.07,"27,683"
2023.08.29,"34,891"
2023.08.28,"33,913"
2023.08.25,"32,637"
2023.08.24,"32,637"
2023.08.23,"31,602"
2023.08.22,"31,360"
2023.08.21,"31,209"
2023.08.18,"30,499"
2023.08.17,"30,040"
2023.08.16,"30,476"
2023.08.14,"30,487"
2023.08.11,"30,583"
2023.08.10,"30,350"
2023.08.09,"30,921"
2023.08.08,"30,122"
2023.08.07,"29,478"
2023.08.04,"29,101"
2023.08.03,"28,945"
2023.08.02,"28,659"
2023.08.01,"28,570"
2023.07.31,"28,747"
2023.07.28,"28,954"
2023.07.27,"28,685"
2023.07.26,"28,997"
2023.07.25,"28,726"
2023.07.24,"29,036"
2023.07.21,"28,866"
2023.07.20,"28,626"
2023.07.19,"28,170"
2023.07.18,"28,170"
2023.07.17,"28,855"
2023.07.14,"28,834"
2023.07.13,"28,693"
2023.07.12,"28,390"
2023.07.11,"28,346"
2023.07.10,"28,248"
2023.07.07,"28,248"
2023.07.06,"28,218"
2023.07.05,"28,322"
2023.07.04,"28,030"
2023.07.03,"27,985"
2023.06.30,"28,970"
2023.06.29,"28,860"
2023.06.28,"28,499"
2023.06.27,"28,499"
2023.06.26,"28,532"
2023.06.23,"28,486"
2023.06.22,"28,347"
2023.06.21,"28,206"
2023.06.20,"28,203"
2023.06.19,"28,014"
2023.06.16,"27,822"
2023.06.15,"27,505"
2023.06.14,"27,275"
2023.06.13,"27,126"
2023.06.12,"27,169"
2023.06.09,"27,115"
2023.06.08,"27,189"
2023.06.07,"26,969"
2023.06.05,"27,116"
2023.06.02,"28,028"
2023.06.01,"28,694"
2023.05.31,"28,752"
2023.05.30,"28,976"
2023.05.26,"28,560"
2023.05.25,"28,560"
2023.05.24,"28,080"
2023.05.23,"27,927"
2023.05.22,"28,036"
2023.05.19,"28,036"
2023.05.18,"28,036"
2023.05.17,"27,993"
2023.05.16,"27,993"
2023.05.15,"28,102"
2023.05.12,"27,978"
2023.05.11,"27,902"
2023.05.10,"27,239"
2023.05.09,"27,472"
2023.05.08,"27,557"
2023.05.04,"27,428"
2023.05.03,"27,753"
2023.05.02,"27,753"
2023.04.28,"27,560"
2023.04.27,"27,697"
2023.04.26,"28,049"
2023.04.25,"27,947"
2023.04.24,"28,105"
2023.04.21,"27,826"
2023.04.20,"27,826"
2023.04.19,"28,300"
2023.04.18,"27,673"
2023.04.17,"27,369"
2023.04.14,"27,073"
2023.04.13,"27,023"
2023.04.12,"26,246"
2023.04.11,"26,246"
2023.04.10,"26,163"
2023.04.07,"26,081"
2023.04.06,"26,243"
2023.04.05,"27,197"
2023.04.04,"27,197"
2023.04.03,"27,479"
2023.03.31,"27,861"
2023.03.30,"28,181"
2023.03.29,"29,209"
2023.03.28,"29,070"
2023.03.27,"28,785"
2023.03.24,"28,518"
2023.03.23,"28,518"
2023.03.22,"27,392"
2023.03.21,"27,504"
2023.03.20,"27,504"
2023.03.17,"27,777"
2023.03.16,"27,821"
2023.03.15,"28,508"
2023.03.14,"28,259"
2023.03.13,"28,608"
2023.03.10,"28,770"
2023.03.09,"28,407"
2023.03.08,"26,388"
2023.03.07,"26,388"
2023.03.06,"26,388"
2023.03.03,"26,388"
2023.03.02,"26,388"
2023.02.28,"28,406"
2023.02.27,"29,174"
2023.02.24,"29,174"
2023.02.23,"29,365"
2023.02.22,"29,085"
2023.02.21,"29,329"
2023.02.20,"29,566"
2023.02.17,"30,391"
2023.02.16,"30,391"
2023.02.15,"30,778"
2023.02.14,"30,811"
2023.02.13,"30,853"
2023.02.10,"30,390"
2023.02.09,"30,427"
2023.02.08,"30,752"
2023.02.07,"30,724"
2023.02.06,"30,843"
2023.02.03,"31,239"
2023.02.02,"31,323"
2023.02.01,"31,101"
2023.01.31,"30,998"
2023.01.30,"31,101"
2023.01.27,"30,277"
2023.01.26,"30,544"
2023.01.25,"31,455"
2023.01.20,"30,983"
2023.01.19,"29,544"
2023.01.18,"29,783"
2023.01.17,"28,680"
2023.01.16,"28,736"
2023.01.13,"28,591"
2023.01.12,"28,214"
2023.01.11,"25,569"
2023.01.10,"25,569"
2023.01.09,"26,260"
2023.01.06,"26,440"
2023.01.05,"26,492"
2023.01.04,"26,112"
2023.01.03,"26,077"
2023.01.02,"25,787"
2022.12.30,"25,597"
2022.12.29,"25,826"
2022.12.28,"25,761"
2022.12.27,"25,761"
2022.12.26,"25,783"
2022.12.23,"25,783"
2022.12.22,"26,267"
2022.12.21,"27,007"
2022.12.20,"27,007"
2022.12.19,"26,542"
2022.12.16,"26,542"
2022.12.15,"26,485"
2022.12.14,"26,485"
2022.12.13,"26,314"
2022.12.12,"26,151"
2022.12.09,"26,103"
2022.12.08,"26,133"
2022.12.07,"25,755"
2022.12.06,"25,709"
2022.12.05,"25,763"
2022.12.01,"25,758"
2022.11.30,"26,191"
2022.11.29,"26,083"
2022.11.28,"26,010"
2022.11.25,"25,696"
2022.11.24,"25,696"
2022.11.23,"25,278"
2022.11.22,"25,283"
2022.11.21,"25,278"
2022.11.18,"25,388"
2022.11.17,"25,388"
2022.11.16,"25,176"
2022.11.15,"25,401"
2022.11.14,"25,582"
2022.11.11,"25,135"
2022.11.10,"25,135"
2022.11.09,"24,884"
2022.11.08,"24,974"
2022.11.07,"24,974"
2022.11.04,"25,127"
2022.11.03,"25,620"
2022.11.02,"25,635"
2022.11.01,"25,631"
2022.10.31,"25,349"
2022.10.28,"25,306"
2022.10.27,"25,559"
2022.10.26,"26,646"
2022.10.25,"26,961"
2022.10.24,"26,961"
2022.10.21,"26,635"
2022.10.20,"26,758"
2022.10.19,"26,824"
2022.10.18,"27,026"
2022.10.17,"27,026"
2022.10.14,"27,077"
2022.10.13,"28,283"
2022.10.12,"27,933"
2022.10.11,"28,384"
2022.10.07,"28,694"
2022.10.06,"28,541"
2022.10.05,"32,784"
2022.10.04,"33,028"
2022.09.30,"32,780"
2022.09.29,"33,902"
2022.09.28,"33,846"
2022.09.27,"35,097"
2022.09.26,"35,069"
2022.09.23,"36,240"
2022.09.22,"36,310"
2022.09.21,"39,063"
2022.09.20,"40,033"
2022.09.19,"40,601"
2022.09.16,"41,443"
2022.09.15,"40,923"
2022.09.14,"40,506"
2022.09.13,"40,555"
2022.09.08,"34,734"
2022.09.07,"35,253"
2022.09.06,"35,372"
2022.09.05,"33,344"
2022.09.02,"35,343"
2022.09.01,"39,016"
2022.08.31,"32,347"
2022.08.30,"32,165"
2022.08.29,"32,362"
2022.08.24,"40,234"
2022.08.23,"42,043"
2022.08.22,"42,193"
2022.08.19,"42,193"
2022.08.18,"41,394"
2022.08.17,"41,394"
2022.08.16,"41,374"
2022.08.12,"41,096"
2022.08.11,"41,096"
2022.08.10,"42,087"
2022.08.09,"42,032"
2022.08.08,"42,065"
2022.08.05,"41,950"
2022.08.04,"41,847"
2022.08.03,"40,783"
2022.08.02,"40,783"
2022.08.01,"40,563"
2022.07.29,"40,563"
2022.07.28,"40,563"
2022.07.27,"39,872"
2022.07.26,"39,872"
2022.07.25,"39,911"
2022.07.22,"39,911"
2022.07.21,"39,911"
2022.07.20,"39,911"
2022.07.19,"39,911"
2022.07.18,"39,911"
2022.07.15,"39,911"
2022.07.14,"39,911"
2022.07.13,"39,911"
2022.07.12,"39,911"
2022.07.11,"39,911"
2022.07.08,"40,113"
2022.07.07,"40,113"
2022.07.06,"40,113"
2022.07.05,"40,113"
2022.07.04,"40,613"
2022.07.01,"40,603"
2022.06.30,"40,603"
2022.06.29,"40,603"
2022.06.28,"40,603"
2022.06.27,"40,573"
2022.06.24,"40,573"
2022.06.23,"40,823"
2022.06.22,"40,406"
2022.06.21,"40,148"
2022.06.20,"40,111"
2022.06.17,"40,065"
2022.06.16,"40,643"
2022.06.15,"39,985"
2022.06.14,"39,848"
2022.06.13,"39,612"
2022.06.10,"39,153"
2022.06.09,"39,012"
2022.06.08,"38,908"
2022.06.07,"38,908"
2022.06.03,"38,908"
2022.06.02,"38,908"
2022.05.31,"38,908"
2022.05.30,"38,390"
2022.05.27,"37,913"
2022.05.26,"36,816"
2022.05.25,"37,454"
2022.05.24,"37,632"
2022.05.23,"37,719"
2022.05.20,"37,071"
2022.05.19,"37,675"
2022.05.18,"38,986"
2022.05.17,"38,986"
2022.05.16,"38,854"
2022.05.13,"38,647"
2022.05.12,"38,647"
2022.05.11,"38,371"
2022.05.10,"38,292"
2022.05.09,"38,292"
2022.05.06,"38,036"
2022.05.04,"38,313"
2022.05.03,"38,219"
2022.05.02,"38,179"
2022.04.29,"38,545"
2022.04.28,"38,545"
2022.04.27,"38,545"
2022.04.26,"38,545"
2022.04.25,"38,383"
2022.04.22,"38,321"
2022.04.21,"38,321"
2022.04.20,"38,332"
2022.04.19,"38,321"
2022.04.18,"38,321"
2022.04.15,"38,321"
2022.04.14,"38,665"
2022.04.13,"38,045"
2022.04.12,"38,043"
2022.04.11,"38,043"
2022.04.08,"38,397"
2022.04.07,"38,397"
2022.04.06,"39,008"
2022.04.05,"39,008"
2022.04.04,"38,865"
2022.04.01,"38,340"
2022.03.31,"38,340"
2022.03.30,"38,864"
2022.03.29,"38,729"
2022.03.28,"38,886"
2022.03.25,"40,139"
2022.03.24,"40,139"
2022.03.23,"39,358"
2022.03.22,"39,319"
2022.03.21,"39,389"
2022.03.18,"39,389"
2022.03.17,"39,389"
2022.03.16,"39,368"
2022.03.15,"39,511"
2022.03.14,"39,511"
2022.03.11,"39,418"
2022.03.10,"39,418"
2022.03.08,"40,222"
2022.03.07,"40,087"
2022.03.04,"40,063"
2022.03.03,"40,105"
2022.03.02,"39,971"
2022.02.28,"40,023"
2022.02.25,"39,944"
2022.02.24,"39,902"
2022.02.23,"39,176"
2022.02.22,"39,176"
2022.02.21,"39,161"
2022.02.18,"39,336"
2022.02.17,"39,336"
2022.02.16,"39,638"
2022.02.15,"39,691"
2022.02.14,"39,548"
2022.02.11,"38,927"
2022.02.10,"38,470"
2022.02.09,"35,715"
2022.02.08,"36,108"
2022.02.07,"36,321"
2022.02.04,"35,992"
2022.02.03,"36,390"
2022.01.28,"35,126"
2022.01.27,"34,962"
2022.01.26,"34,791"
2022.01.25,"34,834"
2022.01.24,"35,679"
2022.01.21,"34,543"
2022.01.20,"34,796"
2022.01.19,"33,533"
2022.01.18,"34,280"
2022.01.17,"34,151"
2022.01.14,"33,784"
2022.01.13,"33,681"
2022.01.12,"34,104"
2022.01.11,"34,525"
2022.01.10,"34,953"
2022.01.07,"35,372"
2022.01.06,"35,304"
2022.01.05,"36,957"
2022.01.04,"36,957"
2022.01.03,"36,928"
2021.12.31,"37,029"
2021.12.30,"36,965"
2021.12.29,"36,833"
2021.12.28,"36,798"
2021.12.27,"36,765"
2021.12.24,"35,754"
2021.12.23,"35,498"
2021.12.22,"33,681"
2021.12.21,"33,781"
2021.12.20,"33,781"
2021.12.17,"33,514"
2021.12.16,"33,484"
2021.12.15,"33,653"
2021.12.14,"33,653"
2021.12.13,"33,475"
2021.12.10,"33,475"
2021.12.09,"33,446"
2021.12.08,"33,229"
2021.12.07,"33,229"
2021.12.06,"33,342"
2021.12.02,"33,370"
2021.12.01,"33,238"
2021.11.30,"33,238"
2021.11.29,"32,865"
2021.11.26,"32,246"
2021.11.25,"32,750"
2021.11.24,"31,620"
2021.11.23,"31,453"
2021.11.22,"31,503"
2021.11.19,"31,413"
2021.11.18,"31,284"
2021.11.17,"30,810"
2021.11.16,"30,776"
2021.11.15,"30,596"
2021.11.12,"30,690"
2021.11.11,"30,445"
2021.11.10,"33,468"
2021.11.09,"33,468"
2021.11.08,"33,291"
2021.11.05,"32,565"
2021.11.04,"32,404"
2021.11.03,"31,962"
2021.11.02,"32,203"
2021.11.01,"31,964"
2021.10.29,"31,815"
2021.10.28,"32,190"
2021.10.27,"31,153"
2021.10.26,"31,330"
2021.10.25,"31,267"
2021.10.22,"31,326"
2021.10.21,"31,326"
2021.10.20,"31,699"
2021.10.19,"32,258"
2021.10.18,"33,276"
2021.10.15,"33,550"
2021.10.14,"32,691"
2021.10.13,"32,918"
2021.10.12,"32,909"
2021.10.08,"33,306"
2021.10.07,"33,164"
2021.10.06,"36,403"
2021.10.05,"36,720"
2021.10.01,"37,034"
2021.09.30,"37,114"
2021.09.29,"35,715"
2021.09.28,"35,986"
2021.09.27,"36,974"
2021.09.24,"37,312"
2021.09.23,"37,303"
2021.09.17,"33,165"
2021.09.16,"32,815"
2021.09.15,"32,554"
2021.09.14,"32,699"
2021.09.13,"32,639"
2021.09.10,"32,676"
2021.09.09,"32,568"
2021.09.08,"32,017"
2021.09.07,"31,141"
2021.08.24,"50,250"
2021.08.23,"50,778"
2021.08.20,"51,469"
2021.08.19,"52,346"
2021.08.18,"52,516"
2021.08.17,"53,140"
2021.08.13,"53,260"
2021.08.12,"53,124"
2021.08.11,"53,091"
2021.08.10,"53,206"
2021.08.09,"53,206"
2021.08.06,"53,161"
2021.08.05,"53,631"
2021.08.04,"53,506"
2021.08.03,"53,764"
2021.08.02,"53,764"
2021.07.30,"53,443"
2021.07.30,"53,443"
2021.07.29,"53,407"
2021.07.28,"52,254"
2021.07.27,"51,940"
2021.07.26,"51,940"
2021.07.23,"52,113"
2021.07.22,"52,113"
2021.07.21,"52,573"
2021.07.20,"52,573"
2021.07.19,"52,573"
2021.07.16,"52,131"
2021.07.15,"51,935"
2021.07.14,"51,668"
2021.07.13,"51,668"
2021.07.12,"51,668"
2021.07.09,"51,585"
2021.07.08,"51,485"
2021.07.07,"51,441"
2021.07.06,"50,551"
2021.07.05,"50,133"
2021.07.02,"49,935"
2021.07.01,"49,739"
2021.06.30,"49,667"
2021.06.29,"49,667"
2021.06.28,"49,667"
2021.06.25,"49,429"
2021.06.24,"49,429"
2021.06.23,"49,619"
2021.06.22,"49,304"
2021.06.21,"49,304"
2021.06.18,"48,824"
2021.06.17,"48,540"
2021.06.16,"48,384"
2021.06.15,"48,327"
2021.06.14,"48,327"
2021.06.11,"48,327"
2021.06.10,"48,080"
2021.06.09,"48,006"
2021.06.08,"48,006"
2021.06.07,"47,954"
2021.06.04,"47,832"
2021.06.03,"47,832"
2021.06.02,"46,987"
2021.06.01,"46,987"
2021.05.31,"46,987"
2021.05.28,"46,860"
2021.05.27,"46,860"
2021.05.26,"47,014"
2021.05.25,"47,014"
2021.05.24,"47,261"
2021.05.21,"46,851"
2021.05.20,"47,436"
2021.05.18,"45,930"
2021.05.17,"46,292"
2021.05.14,"46,292"
2021.05.13,"46,292"
2021.05.12,"46,627"
2021.05.11,"46,741"
2021.05.10,"46,741"
2021.05.07,"47,049"
2021.05.06,"47,049"
2021.05.04,"46,839"
2021.05.03,"46,601"
2021.04.30,"46,852"
2021.04.29,"46,753"
2021.04.28,"46,753"
2021.04.27,"46,962"
2021.04.26,"46,962"
2021.04.23,"46,467"
2021.04.22,"46,467"
2021.04.21,"47,045"
2021.04.20,"47,045"
2021.04.19,"46,859"
2021.04.16,"46,952"
2021.04.15,"46,952"
2021.04.14,"46,671"
2021.04.13,"46,671"
2021.04.12,"46,671"
2021.04.09,"46,746"
2021.04.08,"46,817"
2021.04.07,"47,019"
2021.04.06,"47,019"
2021.04.05,"47,372"
2021.04.02,"47,531"
2021.04.01,"47,727"
2021.03.31,"48,300"
2021.03.30,"48,427"
2021.03.29,"48,310"
2021.03.26,"48,310"
2021.03.25,"48,310"
2021.03.24,"47,934"
2021.03.23,"47,938"
2021.03.22,"47,778"
2021.03.19,"47,354"
2021.03.18,"47,354"
2021.03.17,"45,866"
2021.03.16,"45,827"
2021.03.15,"45,827"
2021.03.12,"45,831"
2021.03.11,"45,831"
2021.03.10,"44,933"
2021.03.09,"44,515"
2021.03.08,"44,433"
2021.03.05,"44,893"
2021.03.04,"44,798"
2021.03.03,"44,843"
2021.03.02,"45,184"
2021.02.26,"45,780"
2021.02.25,"46,339"
2021.02.24,"46,069"
2021.02.23,"46,338"
2021.02.22,"46,574"
2021.02.19,"47,217"
2021.02.18,"47,511"
2021.02.17,"47,334"
2021.02.16,"47,671"
2021.02.15,"47,759"
2021.02.10,"47,837"
2021.02.09,"47,918"
2021.02.08,"47,799"
2021.02.05,"48,464"
2021.02.04,"48,875"
2021.02.03,"49,802"
2021.02.02,"48,935"
2021.02.01,"48,744"
2021.01.29,"47,808"
2021.01.28,"47,895"
2021.01.27,"46,808"
2021.01.26,"45,870"
2021.01.25,"45,870"
2021.01.22,"46,453"
2021.01.21,"46,186"
2021.01.20,"44,658"
2021.01.19,"43,858"
2021.01.18,"42,631"
2021.01.15,"41,588"
2021.01.14,"41,128"
2021.01.13,"40,346"
2021.01.12,"40,026"
2021.01.11,"39,948"
2021.01.08,"40,102"
2021.01.07,"39,874"
2021.01.06,"40,255"
2021.01.05,"40,312"
2021.01.04,"41,001"
2020.12.31,"41,119"
